k,eigenvalue,ratio_k_over_k+1,variance_percent,cumulative_percent
1,2.491785,3.5332,31.532,31.532
2,0.705242,1.1954,8.925,40.457
3,0.589944,2.3275,7.466,47.923
4,0.253463,2.0579,3.207,51.13
5,0.123164,1.1791,1.559,52.689
6,0.104454,1.3473,1.322,54.01
7,0.077528,2.0076,0.981,54.992
8,0.038618,4.1323,0.489,55.48
9,0.009345,1.0035,0.118,55.598
